1	Niin , sen uuden ystävän löytäminen oli todella hyvä asia .	pos,pos,pos
2	Äänet meni hieman hukkaan , mutta tulihan hyvä oppositiopuolue .	pos,pos
3	Niele propaganda !	neg,neg
4	NO sanoisi sitten olevan jotain sisäpiiriläisiä siis töissä tai sitten tuttu olisi töissä ja olisi sitä kautta sen kuullut , mutta kun vaan heittää huhun ilmaan niin varsinkaan tällä palstalla ei voi luottaa yhteenkään kirjoitukseen missä ei ole minkään sortin lähdettä kauta muuten yritetty todistaa edes huhun olemassa oloa .	neu,neu
5	EU:ssa tukien lopetamista on vaatinut Euroopan liberaalidemokraattinen ryhmä , johon Kepukin kuuluu .	neg,neu
6	Erään kisamatkan päätteeksi joukkue lähti viettämään iltaa ulos .	neu,neu
7	Minä olen paras , kaunein , komein .	pos,pos
8	Kyllä jämpti on niin ...	neu,neu
9	.. Läpinäkyvää ja näitä vaaleja ei ratkaista taustapentujen suitsutus- kirjoitusten perusteella vaan kansalaisten omien mielipiteiden mukaan .	neu,pos
10	kyllä sodan alkaessa marsalkka ja Ranskan valtauksen jälkeen valtakunnanmarsalkka .	neu,neu
11	Kuka nyt puolustaa vanhuksia , kun demaritkin menivät kokoomuksen vipuun ?	neg,neg,neg
12	Se on kyllä vähän hankalaa ensikertalaiselle ja ensikertalaiselle on muutenkin paljon uutta , eikä aika millään riitä kaikkeen .	neg,neg
13	Ei aina tarvi ajatella , että sinne mennään huoraamismielessä .	pos,neg
14	.. naisia ei ´oikea mies´siis saisi edes katsella ?	neg,neg
15	Kyllä kreikkalaisilla on oikeus itse päättää mitä ne meidän rahoillamme tekevät .	pos,neg
16	Rosatomin mahdollinen toiminta Suomessa on selkeästi valtapoliittista strategiaa , kuten kaikki merkittävä , johon Venäjä on sekaantunut .	neu,neg
17	Just joo .	neg,neu
18	eli mis se ammatti ratkasee ?	neu,neu
19	3 kk vanha ja ulkomaille , huh !	neg,neg
20	Timantit ja muut käyttökelvoton Roska on arvotonta kun kunnon katastrofi iskee .	neg,neg
21	Aivan varmasti sossut käyttävät tuota kerrointa vit tuil lakseen asiakkailleen .	neg,neg
22	Muistan hyvin kun etenkin nämä Jyrki ja Aleksader olivat ihan ekstaasissa kun pääsivät näkemään oikea esikuvansa läheltä ja ehkä kysymään häneltä pikkuvinkkejä .	neu,neg
23	SSSS Ry !	neu,pos
24	Kovasti vaan mies sinne mielii ja viimeviikolla karkotettiin taas kerran maasta ja palautettiin Suomeen .	neg,neu
25	Neuropaattinen kipu on lähinä aistiharha , eli hermovauriosta johtuva aivojen tulkintavirhe .	neu,neu
26	Halonen on aina ollut vastenmielinen Afrikassa !	neg,neg
27	Suomi soti Neuvostoliittoa vastaan , jonka johtaja oli georgialainen .	neu,neu
28	Sinun ei ehkä kannattaisi saarnata luetun ymmärtämisestä , kun se itseltäsi tunnu oikein luonnistuvan .	neg,neg
29	Suomen onneksi perSS on oppositiossa !	pos,pos
30	Asiantuntijoilla on peruste aselakien tiukennuksen puolesta , koska jostakin minä ainakin muistan lukeneeni , että Suomi on USA : n jälkeen asevapaamielisin maa , ja se ei ole todellakaan hyvä asia , kun maassa on noin viisi miljoonaa ihmistä .	neg,neg
31	Ei näy muuttuneen miksikään .	neu,neg,neg
32	näyttää olevan aika halpa paikka joten laadussa voit joutua tinkimään .	neg,neg
33	Kokoomuksen johtama porvarihallitus on luonnollinen paikka porvaripuolue Perussuomalaisille vaikka perussuomalaiset pitävät kokoomuslaisia liian paljon sosialismiiin kallellaan .	neu,neg
34	Kysykää apteekista että mitä kannattaa ottaa mukaan matkalle .	neu,neu
35	Turkki nostaa profiiliaan kaikilla suunnilla ja on aivan eri sarjaan kuin Kreikka .	pos,pos
36	Jäsenmaat vastaavat ensisijaisesti oman alueensa puolustuksesta .	neu,neu
37	Noh ... ulkomaille rahaa on kivempi pumpata .	neu,neg
38	Hyvinvointi tarkoittaa mahdollisuuksia , mutta jos haluat valita ettet käytä mahdollisuuksia niinkin saa tehdä .	pos,neu
39	Hassu .	pos,pos
40	Olkaa hyvä vaan .	pos,pos
41	Taisi mennä omiin pöksyihisi	neu,neg
42	Siinä siis omaa tilannettani mutta kommentoidakseni sinua , kuten varmasti meitä kaikkia muitakin , me teemme omat ratkaisut elämässämme .	pos,neu
43	Se hyötyy mahtavasti valtioiden velkaantumisesta ja lopulta kaikki koneistot valttaansa .	neu,neg
44	) murha , joka tosiasiassa oli Habsburg perheen itsensä järjestämä , samoin kuin sota Serbian kanssa .	neg,neg
45	Noin muuten karppaamisesta omalla kohdalla - paino putosi ja olo oli virkeä mutta koin homman käytännössä hankalaksi .	neg,neg
46	Kun me kansalaiset aletaan luopua toivosta , aletaan ryypätä ja heittää roskikseen kaikki yritteliäisyys , koska kankkaulan kaivoon maksetaan jatkossakin .	neg,neg
47	Tietenkin jossain se kivun sietämisen rajakin kulkee .	neg,neu
48	Tänään otin leikkurin taas käyttöön , kun ostin eilen uuden leivän .	pos,neu
49	Perusteena oli maaseutujen väkimäärän pieneneminen kaupunkiin muuton myötä ja äänestäjäkunnan ukkoutuminen ja kuoleminen pois .	neu,neu
50	kauniita , solakoita , hyväkuntoisia , kaunishampaisia , hymyileviä , nauravaisia , lahjakkaita ja ihania !	pos,pos
51	Asiat menee eteenpäin ja hyvä näin .	pos,pos
52	Perjantaina Espanjan valtiovarainministeri Luis de Guindos yritti vakuuttaa maailmaa , että tämä valtava kansantalous pärjää omillaan eikä tarvitse pelastuspaketteja .	pos,neu
53	On hyvä että raitis olet .	pos,pos
54	Rupesivat toisiaan haukkumaan ja kilpaa puukottamaan toisiaan selkään .	neg,neu
55	Se onkin ihan turhaa polttoaineen ja luonnonvarojen tuhlausta tuo laivoilla ja autoilla edes takas pörrääminen .	neg,neg
56	Hänestä sanotaan : Messias , Daavidin Poika , ei tule muutoin kuin sukupolven aikana , joka on kokonaan vanhurskas tai kokonaan syntinen , syyllinen .	neu,neu
57	Kohta ollaan sodassa kaikki kaikkia vastaan .	neg,neg
58	Usko ei ole kuin evoluutio-oppi , minkä muuttuu kerran kaksi vuodessa , vaan usko on Jumalan lahja katuvalle syntiselle , missä saadaan varmuus asioista ja eteenkin syntien anteeksisaamisesta ja pelastuksesta .	neu,pos
59	Jos lukee viihdettä , niin sekin on viisasta , pysyypähän pois tekemästä jotain sitä pahempaa .	pos,pos
60	Ei ole vapautta täyttää paperilla , että työtön , työtön ... Itse kieltäydyn selittämästä elämääni tai rahojani kenellekkään .	neg,neg
61	Yritätte alentaa Jeesusta luoduksi olennoksi ja enkeliksi .	neg,neg
62	Kaikista huono-osaisimmat kun eivät edes osaa hakea kaikkia heille kuuluvia tukia .	neu,neg
63	Hei Kaikki !	neu,neu
64	Mainitsemani miehen sisar oli myös pitkähkö , mutta ei ikäisekseen niin poikkeavan pitkä .	pos,neu
65	Raha on kusetus ja nämä talouskriisit , eurokriisit ja mitä muita nimiä nyt onkaan ovat vain tehty peittelemään tätä asiaa .	neg,neg
66	Kreikan hallitusta painostetaan mellakoiden väkivaltaiseen tukahduttamiseen ja suomalaisturisti viitsii itkeä painajaisestaan lennonjohtajien lakon takia .	neg,neg
67	Kuvittelin , että ap : n vaimo tiedostaa oman tilanteensa ja olisi vallitsevaan olotilaansa tyytymätön .	neu,neu
68	Aiheuttamalla maailmanlaajuisen nälänhädän he saavat siten kaiken vallan .	neg,neg
69	Mutta onhan sitä reuhuttukin jo tässäkin välissä aikas paljon , terveenä ja vähemmän terveenäkin :-( Öitä sinne vaan , meikä alakaa rentoutumaan , tulikin ihan täys päivä !	neu,pos
70	Kehityksen myötä vaikutteita ja tekniikoita eri budolajeista tuntuu vaan sitten jostain tulevan mukaan harjoitteisiin ns. virallisen etiketin ulkopuolelta .	neu,neu
71	Suomi aloitti edellisen sodan !	neu,neu
72	Tässä ketjussa oli tarkoitus kertoa veloissa elävien perheiden kokemuksista , oletteko sellaisia ?	neu,neu
73	No , nettiaarnoltin tuhannet nikit tietysti lisäävät joukkoanne aivan valtavasti :D Jos kysyjin määrällä ei olekaan väliä niin sittenhän tappi voikin kertoa miten hän suhtautuu hurrivihan lietsontaan ja ruotsinkielisten suomalaisten mustamaalaamiseen ja perusteettomien ja jopa valheellisten väitteiden levittämiseen siinä tarkoituksessa ja miksi hän asettuu poikkeuksetta puolustamaan ja tukemaan sellaista toimintaa ?	neg,neg
74	Ei ole myöskään yritysten ja työntekijöiden etu , että perijöitä ohjataan omistamaan yritys , vaikka osaamista ja halua yrittämiseen ei olisi .	neu,neg
75	Vaikka joskus väärässäkin , niin silti ne perustellut mielipiteet on eriarvoisia kuin vain jos ollaan viehättävä nainen .	neg,neu
76	Muistelen , jotenkin muistelen , jos oikein muistan , muistellen jos muistan , niin muistan jotenkin muistellen .	neu,neu
77	Mutta ehkä se löytyy siitä , kun tarpeeksi tappiolla myy , pärjää jotenkin .	neu,neu
78	This message has been removed by .	neu,neu
79	40 vuotta työelämässähän on auttamattomasti liian vähän .	neg,neg
80	Harjoituksista päätellen azerien laulu sujuu paremmin mutta Elnurin pitäisi kyllä nousta tuolistaan lavalla vähän vikkelämmin jos lavakoreografiaa saa arvostella .	pos,neu
81	niinkun mä vähä pelkäsinkin , ei laskua mutta ei nousuakaan ja se on pääasia !! mutta mittanauhan mukaan - 2cm olis lähteny .. mitenlie mahdollista kun vaaka ei heivahtanutkaan .. tai jos vaikka olis saanu sinne vatsaan vähä lihaksia ja sen takia pienentyny :D sehän mulla oli päätavotekkin :))) ite olen tyytyväinen ja jos ens viikolla sit taas sais miinuslukemia vaakaankin ;) mites muut ??? :)	pos,pos
82	Minen käsitä , olen tyhmä .	neg,neg
83	Eivät nuo minusta kykene perustelemaan lainkaan aborttikieltoa .	neu,neu
84	Vanhaa velkaa ei lyhennetä , ja erääntyvät vanhat lainat korvataan uudella lainalla .	neu,neg
85	Niin kallis oli sielu , että uskovainen antoi rakkaan veljensä puolesta elämänsä , että tuo veli pelastuisi ja tulisi tuntemaan Jeesuksen .! Jotain tämän kaltaista oli Jumalan RAKKAUS sinua ja minua syntisiä kohtaan , että Isä antoi ainokaisen rakkaan Poikansa , ristille .	pos,pos
86	Joku tuskaili Hämeenlinnan politiikkkaa , että pahinta on voimattomuus .	neg,neg
87	Lähinnä olen huolissani Etelä-Suomen kaljabaaribisneksen puolesta .	neg,neu
88	Muistutan kuitenkin , että verotajalla on hyvin pitkä käsi ja etenkin nykyisen teknologian aikana ja hyvä näin .	neu,pos
89	tosin sinä et ole sitäkään , olet pelkkä ääliö .	neg,neg
90	Päinvastaistakin voi tapahtua sillä olenpa joskus itsekin saanut positiivisia kommentteja omasta murteestani eikä kuulija ole pitänyt sitä millään tapaa huonona asiana vaikka siis puhuinkin kuten olen aina puhunut .	pos,pos
91	Ystävysty suomalaisten miesten kanssa , ehkä heidän kaveripiiriinsä kuuluu joku kiva nainen .	pos,pos
92	Osa elää laskujen kanssa niin , että kriittiset karhut maksetaan viime hetkellä .	neg,neu
93	Jos olet hetero , kannattaa ottaa matka huumorilla ...; - )	pos,pos
94	Toimivaltaisuutta on presidentin virkan asettaminen , kansalaisuuden myöntäminen , sote uudistus , ei toimivaltaiset oikeuden käynnit jne.	neg,neu
95	Toisaalta suomalaisen poliittisen johdon tieto siitä , että Saksa tulisi hyökkäämään Neuvostoliittoon myös valloitetun Norjan kautta , ajoi Suomea pakkovalinnan eteen .	neu,neu
96	Monet ulkomaalaiset tulevat Suomeen , siihen ei tarvita mitään hirveää omaisuutta .	neu,neu
97	Kiusaa se on pienikin kiusa .	pos,neg
98	Oli meinaan hyvä kauppa , en vai-vautunu kertaakaan edes käymään koko rämettä kattomassa , mutta rahaa vain tuli .	pos,pos
99	Trocaredokin on suljettuna ollut pari kuukautta .	neg,neu
100	Monen talousviisaan mielestä tämä olisi ollut koko Euroopalle silloin hyvä asia .	neu,neu
101	rasittava soppa Mikään ei nykyihmistä rasita niin paljon kuin rahattomuus , varsinkin rahattomuus , jonka on itse aiheuttanut .	neg,neg
102	Aivan kuten kävi 90-luvun alussa .	neu,neu
103	kyllä se kansi periksi antaa aivan heti jos täyttää poteron väärin ,, muutama tullut kaivettua ja peitettyä ( käsipelillä )	neg,neu
104	Mtk on yhrä uskottava kuin itänaapurin agitaatiokoneisto	neg,neg
105	Suomen ja Kreikan kahdenvälistä vakausjärjestelyä ei hyväksytä muualla Eu:ssa .	neg,neg
106	Nämä olivat vieläkin halvempia kuin Albeniassa .... Taksissa pitää hinta sopia ennen matkaa eikä ottaa mittari hintaa .	neu,neu
107	1920-luvun alussa perustettu AKS kävi avointa sotaa nuorta Neuvostoliittoa ja omaa parlamentarismiamme vastaan .	neu,neg
108	Lasten jupinoita :) Mutta vanhempien tehtävä on kertoa , että olet poika ja pojat kulkee poikien vaatteissa !! nykyyhteiskunta tuntuu olevan niin sairas muutoinkin , että on parempi kertoa pienelle biologian tosiasiat itse :)	neg,neg
109	Ei se , että iskee kouransa pari kertaa naisensa alapäähän paljon innosta .	neg,neg
110	Tuo sun tekstisi käännettynä enkuksi : google translator is handy when you were kirjottelee , unless someone has noticed :) Viella jokku the wonders of produce in the English language is kirjotus taitoa .	neu,neu
111	Ja joudun valeoikeudenkäyntiin , josta väistämättömänä seurauksena on valevankeus .: - ( ( (	neu,neg
112	Junat ei kulje ajalllaan , milloin jäässä , milloin muuten vaan paskana , mutta johtaja sai yhen satatuhatta lisää vuosipalkkaa , vaikka ei osaa hommiaan .	neg,neg
113	Itseasiassa tämä Ukrainan sota ei ole edes katkaissut näitä hankkeita , sinänsä ihmeellistä miksi tämä raha virtaa sinne , kun kuitenkin laitetaan pakotteita muualle .	neg,neg
114	En minä voi , enkä halua mitään rajoittaa , mutta oletko sinä kommunisti ?	neg,neu
115	Ja JOS luottotappioita tulevaisuudessa tulee , niin vasta silloin vopimme alkaa puhua rahan lapioimisesta hulttiomaihin .	neu,neg,pos
116	Lait tulevat muuttumaan , ne ovat vain ihmisten ja pakkoruotsihurrien tekemiä .	neu,neu
117	Haluatko sinä äänestäjänä lisää ällähin saastaa tänne ?	neg,neg
118	Hae kuule uskonto mamma ase käteen pistä se suuhus ja paina liipasinta :)	neg,neg
119	&gt;&gt;turhan yksipuolisen kuvan asioista päähänsä hahmottanut kirjoittaja &gt;&gt;tai sitten propakandisti Monipuolistetaan sitten .	neg,neu
120	Kannattaako kaikesta huolestua .	neu,neu
121	Artikkelin puolessavälissä on mielenkiintoinen info joka kannattaa lasershowlaitteita pelkäävien lukea .	pos,neu
122	Tai palata hävityn sodan jälkeen halveksittuna ja raajarikkona , puolustamansa maankin hylkäämänä , kun samaan aikaan loisivat nikkerinakkerit ovat raiskanneet vaimosi ja lapsesi ?	neg,neg
123	Ja jos olet niin ruma että et saa todellakaan ihmiseltä kuksi vaikka koiraa niin helpottaa .	neg,neg
124	Tasavallan presidentin kanslia Neuvonantaja Tuovinen Timo 6 351 Ei tied .	neu,neu
125	Niin , Allah-Aho on taas todistanut että muut kansat , tällä kertaa portugalilaiset , ovat ali-ihmisiä , mamuja , jotka tulisi hävittää maan päältä .	neg,neg
126	Asuntolaina-aika on tuollaiset 20-35 vuotta ja sinä aikana ehtii kyllä tapahtua paljon .	pos,neu
127	Monen puolueen epävarma hallitus epävarmasssa taloudellisessa maailmantilanteessa .	neu,neg
128	Kosto elää +/- = 0	neg,neg
129	on tosin surullista että upeat merinäköalapaikat rannalta tuntuu olevan turisteille suunnattuja .	neg,neg
130	Muuten hyvä pointti , mutta tota päihdeasiaa en kyllä liikaa menis korostamaan , koska asiat ei aina johdu siitä enkä menisi sitä pääsyyksi muutenkaan väittämään .	pos,neu
131	Jotain asialle pitää Suomessa tehdä ja onhan aloitteessa paljon hyvää .	pos,neu
132	Mielestäni se on ok .. mutta miten he arvostelevat ulkokuoreensa tyytyväisiä chattaajia , pinnallisiksi ja heikon minäkuvan omaaviksi ?	pos,neg
133	Jos ennen sanoin kuuntelevani heitä , se oli kaikkien mielestä ok , mutta kun nykyään sanoo kuuntelevansa heitä , kaikki heittää jotain paskaa teinimainos-shittii ... tiedä häntä miksi .	neg,neg
134	Yrität puhua jollekkin , nin katsellaan maahan tai murahdetaan ... ihan outoa hommaa : /	neg,neg
135	No täytyy työt tehdä tehokkaasti tehokkailla ( hyvillä ) välineillä sillä pärjää pienet sarjat hyvä/nopee palvelu näillä on menty kohta 30vuotta .	pos,neu
136	Onhan se tietysti väärin , mutta ei se kai minun vikani ole Tarkoitatko sitä , että Tunisialaiset miehet hoitelevat ssuomilutkia , samalla kun alistavat omia naisiaan .	neg,neg
137	Kokoomus pärjää seuraavissa vaaleissa kuten sekoilevat persut ; huima nousu taas vuoden päästä !	pos,neu
138	Ai niin joo .	neu,neu
139	juomat koko päivän ilman lisämaksua .	pos,neu
140	Its ‘fascism’ is that of business enterprise organized on a monopoly basis , and in full command of all the military , police , legal and propaganda power of the state .	neu,neu
141	Aika kuitenkin loppuu tältä hallitukselta ja Katainen poistuu komissaariksi ja perustuslakikin taitaa Turun tuholta pelastaa .	pos,pos
142	Havaitsin kyllä , että sinulla on vaikeuksia ymmärtää kirjoitettua tekstiä .	neg,neg
143	Siksi onkin ( nimenoman Suomen historian kannalta ) merkillistä , että esimerkiksi hämäläiset kansana mainitaan varhaiskeskiajalla useammin venäläisissä kronikoissa kuin ruotsalaisissa , ja että esimerkiksi Vanain asutuskeskuksen hävittämisestä ( ilmeisesti nyk. Hämeenlinna ) ei löydy sanaakaan .	neg,neg
144	Ei , enhän niin kirjoittanut .	neu,neu
145	Toivomme nyt sitten vaan että se on sellainen että sen voisi hoitaa kerralla veks niin ei epätietoisuudessa tarvitsisi kärvistellä tulevaisuudessa .	neg,neu
146	Kätlinin vartalo on vanukasta nykyäänXD	neu,pos
147	Näin meillä kävi useammankin kerran , jostakin otti signaalin , epäilen naapureiden kapulan saneen sen signaalin meillekin .	neu,pos
148	Minä ainaki pidän suojaukset sen 3 päivän ajan jonka ne lupasi hallaa , en tunnusta että olen niin laiska , minua nyt yksin kertasesti väsyttää .	neg,neu
149	Heillä näyttää olevan homma hanskassa ja jo tuolla iällä .	pos,pos
150	! vai mitä :)))))	pos,neg
151	On ihan luonnollista , että tietynlainen seksi aiheuttaa vatsanväänteitä , jos sitä yrittää ajatella omalle kohdalle .	neu,pos
152	Instituutiot ovat olemassa sitä varten , että ne edistävät kansakunnan selviytymistä ja tulevaisuutta .	neu,pos
153	Mitä enemmän tyytyväisiä ihmisiä , sen parempi .	pos,pos
154	Kun oma sielu itkee .	neg,neg
155	&gt;&gt; Jos ei osaa huomata aikojen muuttuneen niin asiat ovat tosi heikosti .	neg,neg,neg,neg
156	Hän oli mukava ja harjoitukset meni aina mukavasti .	pos,pos
157	Pitkän linjan diplomaatti ja juristi Skåre työskentelee toista vuotta Naton pääsihteerin alaisuudessa Naiset , rauha ja turvallisuus - erityisedustajana .	neu,neu
158	Kyse ei ole korvausinvestoinneista , vaan kapasiteetin moninkertaistamisesta vientimarkkinoille .	neu,neu
159	Jos et katso omaistesi perään , ei katso kukaan muukaan .	neg,neg
160	Ainoa mihin tyssää monen kohdalla on tuo perhe , lasten hankkiminen .	neu,neg
161	- oikea .	neu,neu
162	Varuskuntia joudutaan lakkautamaan jolloin osa Suomesta jää kokonaan ilman puolustusta .	neg,neg
163	Älä mieti liikaa , kaikki on jo mietitty sun puolesta .	neu,neu
164	En minä omien naisteni kanssa ole vakavissani joutunut miettimään ja laskelmoimaan eroa , koska ovat tervepäisiä naisia olleet ja halunneet hoitaa oman osansa .	pos,neu,neu
165	Pöllöt äänestäjät mahdollisti pelleilyn jatkumisen !	neg,neg
166	Lipponen ei muistanut , että esimerkiksi Sortavala ja Käkisalmi olivat lujasti suomalaisten käsissä kun aselepo solmittiin .	neu,neg
167	Katainen uhkaili , että suomalaisille käy huonosti , jollei sitä rahaa löydy joka kerta miljardeja sinne eurooppaan .	neg,neg
168	Kerta siellä riitti , noo , olihan muuten puitteet kauniit ja vesi lämmintä uimiseen .	neg,pos
169	Samoihin aikoihin USA siirtyi sanoista tekoihin Irakissa .	neu,neu
170	Pelkääkö Jani ettei pääse enää uudelleen eduskuntaan kun on täytynyt heittää äänienkalasteluverkot jo kirkonkin puolelle .	neg,neg
171	Jos tilanne tuntuu täysin kestämättömältä , niin tuolla on kriisikeskuksen puhelinnumero , sinun ei tarvitse kärsiä yksin .	neu,neu
172	Oma äänestämäni ehdokkaani ei päässyt eduskuntaan , ei päässyt se toinenkaan , joka toisessa puolueessa oli vaihtoehtonani lähes loppuun asti , ja tietenkin se hieman harmittaa , mutta vaalin tulosta kokonaisuutena ajatellen voin hyvin mukailla Rakel Wihurin aikoinaan tunnetuksi tekemää mietelausetta : ”Niin on hyvä , kuin kävi” .	pos,pos
173	Lakko pitää :)	pos,pos
174	Aina on otettava tämä mahdollisuus huomioon , aikataulu ei saa olla liian tiukka .	neu,neu,neu,neu
175	Siihen liittyy vastuu , siitä muistuttaa säädetyt lait .	neu,neu,neu
176	– Tilastokeskuksen luvut osoittavat yhä liian alhaista köyhien määrää , Makrotaloudellisen tutkimuskeskuksen asiantuntija Igor Poljakov kommentoi Kommersantille .	neg,neu
177	Ilmeisesti yrität harhauttaa , jotta vaikuttaa , että rikos olisi sellainen jota kaikki tekevät .	neu,neu
178	Ennen kaikkea kuppilan siisti ympäristö tekee myös asiakkaiden käytöksestä siistiä !	neu,pos
179	Katainen tarjoaa alkoholisoituneelle portugalille krapularyypyn jolla krapulaa voi siirtää parivuotta eteenpäin .	neg,neg,neu
180	nämä vanhat ketut oli melko vaitonaisia .. kun ovat pilanneet jo kaiken .	neg,neg
181	Enhän minä , ihminen kallis , halua mitenkään agressiivinen olla winkkarin jäsenistöä kohtaan .	neu,neu
182	Jostain syystä tökkää punaista tolle eka laskulle vaikka väittäisin että edelleen esim. 3+8= 11 ?	neu,neg
183	Kyl määki muistan hirmusen mäkäräislauman hyäkkäyksen , tosin iha nuaruusajalta .	neu,neu
184	Mutta oleellinen syyllinen on AM-ryhmä .	neg,neg
185	Jos hän on narsisti , pahuus jatkuu , muuta tietä ei ole .	neg,neg
186	No ei me ihmiset nyt ihan heti sukupuuttoon kuolla !	pos,pos
187	Sen miehen uskottavuus on samaa luokkaa kuin Oinosen ja Hakkaraisen , eli alta nollan .	neg,neg
188	Huomaa miten poika kärsii , kun viikonlopun jälkeen menee kotiin , niin ei meinaa eikä halua lähteä ja itkee koko matkan kun ei halua mennä sinne .	neg,neg
189	Stalismi yliopistolla oli inhottavimpia ja epämoraalisimpia ilmiöitä , joiden kanssa olen joutunut toiminaan .	neg,neg
190	Hyvästi eurot : Bonum pankin rakentaminen etenee määrätietoisesti ja tulee tarjoamaan Pop Pankeille keskusluottolaitospalvelut 2015 aikana .	neu,neu
191	Tässä mies tämän filosofian puolesta eduskuntaan Pohjois-Savosta http://www.facebook.com/profile.php?id=1490454949# !	neu,neu
192	Tuloerojen kaventaminen merkitsee samaa kuin kysynnän lisäys , mikä elvyttää taloutta .	neu,neu
193	Molemmat ruotsalaiset päivälehdet kommentoivat naureskellen Salen ja Jennin viime hetken ruotsin preppauskurssia , kun kummaltakaan ei tuo toinen kotimainen oikein suju .	neg,neg
194	Mikä siinä oli niin kauheaa ?	pos,neu
195	Luulen että moni köyhä on kanssani samaa mieltä .	neu,neg
196	Se yrittää kaapata YK : n roolia , ja osallistuu valta- ja talouspoliittisesti kiinnostaviin konflikteihin .	neu,neu
197	Ennemmin kannattaisi olla vihainen velkojillesi .	neg,neg
198	Onko näin siis sinun mielestäsi mies auktoriteettina naista ylempi , vaikka tilanne olisi sellainen , että nainen on arvossa pidetty arkkitehti ja mies lapsiaan kohtaan väkivaltainen , työtön juopporetku ?	neg,neg
199	Sensijaan valehtelevaisella on edeleenkin mm seuraavat piikissään : kuinka maan suurimpiin viljantoimittajien kuuluvien suurtillallisten poistuminen viljantoimitus markkinoilta vaikuttaa kulakkien mahdollisuuksiin kaapata nuo viljantoimitusmarkkinat .	neg,neg
200	Side tarjoaa paljon nähtävää : antiikkiset pylväiköt ja rakennukset vanhan kylän kapeilla kujilla tuovat tuulahduksia roomalaisten ja kreikkalaiset perinnöstä .	pos,neu
201	html Vai miten selität tuon 33% kannatuksen ?	neg,neu
202	Raksa-ala on siitä hyvä että siellä kyllä riittää noita työntekijöitä ja töihin kyllä aina pääsee jos vain uskaltaa hakea .	pos,pos
203	Tein kaupat ulkomailla ja saadut rahat ulkomailla tilillä .	neu,neu
204	Mutta huumori sikseen , minä muistan tämän vielä seuraavalla vaalikaudellakin .	neg,neu
205	Rötöstelijöitä kohtaan oikein mutta ei pikkusummista .	pos,neu
206	Kaikki tämä on vain ja ainoastaan veronkiertoa varten .. Katso samalla myös heidän virkojansa ja nimityksiänsä , suurin osa elää meidän maksamista veroista jossain huuhaa virassa Ihmettelen , miks iheistä ei ole ollut aikaisemmin puhetta missään ?	neg,neg
207	Ilmeisesti motiivina ei todellakaan ole vain olla aiheuttamatta traumaa lapselleen , vaan halu saada itselleen lapsensa synnyttämä lapsi .	neg,neu
208	Naiselle tarve olla samanlainen kuin muut naiset ja näin päästä ryhmään on suurempi .	pos,neu
209	Kipu tuntui koko virtsaamisen ajan ja oli sen verran voimakas että alkoi hieman heikottamaan ja hikeä pukkas otsaan .	neg,neg
210	Emme asu yhdessä , emmekä edes ajattele sitä .	neu,neu
211	:(	neu,neg
212	Sylinterimäisessä maassa kaikkialla olisi samanlainen päivänpituus , samanlaiset vuodenajat ja jokseenkin sama ilmasto .	neu,neu
213	Kuin mato p a s k a s s a a n. Astropoliksen loppuminen on voitto yhteiskunnan tuottaville jäsenille .	neg,pos
214	Kokoomus ja Kepu !	neg,pos
215	Et ilmeisesikään ole seurannut aiheesta käytyjä keskusteluja ja tehtyjä tutkimuksia ?	neu,neg
216	Mieti sitä idiootti .	neg,neg
217	HDI Xantiassa on ymmärtääkseni aina se tehokkaampi 110 heppainen moottori , jota ei xsaroissa ja pösöissä niin useasti ole .	pos,pos
218	Ja irvokas sanailu ?	neg,neg
219	Samat äärioikeistolaiset veropakolais-suursijoittajat asekauppiaat , kuolemankylväjät , ovat natohankkeen takana , kuin olivat Petosjytkyn =P ersut=Kokoomus - taktiikan takana .	neg,neg
220	Mitä mieltä olet tästä gallupista ?: Ihan kiva .	pos,pos
221	Hän on ahkera ja aina nenä kiinni kirjassa .	pos,pos
222	Ja olisiko iso läjä paskaa sopiva patsas , samalla voisi torille laittaa kreikan lipun liehumaan .	neg,neg
223	Koetas korjata omias .	neg,neu
224	Tämä varmaankin oli ironiaa , ei tuo oikein mitään muutakaan voi olla .	neg,neu
225	Ja mukavaa päivää kaikille , koleasta säästä piittaamatta !	pos,pos
226	Peugeot ja Citroen on sama kuin Ducato , ja kestää vähän perkeleesti kovaa käyttöä .	pos,pos
227	Sekoomus , ei tähän asiaan ole halunnut puuttua , sillä heidän tyhmä vaalikarjansa on tätä köyhää pikkuporvallistoa vaikka edustajat ovatkin huonosti menestyviä yrittäjiä .	neg,neg
228	Hyrskylahden mielipide veteraanikommentissaan meni todella pahasti överiksi !	neg,neg
229	kun viisas suomalainen mies , Tepposet ; kirjoittaa hyvän viestin !	pos,pos,pos,neu
230	Tuo ruiskaisusi tuo mieleeni kohtauksen eräästä Spede-showsta .	pos,pos
231	Kaikilla on läskiä , mutta ei sillai , että se näkyy jne. Läskiähän kaikissa normaalipainoisissakin on jos ei ole anorektikon laiha , joka ei ole normaalipainoista .	neu,neu
232	Älä puhu osakeyhtiöstä .... täysin typerä ajatus .	neg,neg,neg
233	USA toimii kunten Natsi-Saksa aikanaan harjoittaessa ennaltaehkäiseviä iskuja mm. terrorinvastainen sota joka on ollut farssi , Irakin sota .	neg,neg
234	Kataisen hallitusten aikana homma on lähtenyt lapasesta aivan täydellisesti .... ja Suomea ollaan kovaa vauhtia viemässä Kreikan tilaan .	neg,neu
235	taitaapa katkeruus usein olla katsojan silmissä !: D	neu,neg
236	Olin oikein tyytyväinen kun ei tarvinnut etsiä ruokapaikkoja .	pos,pos
237	Oliivi ja rapsiöljy ( vain luonnonmukaisesti tuotettuja , Kylmäpuristetut ) .	neu,pos
238	Niin Bulgariastahan ei löydy roskaa ja paskaa ...	neg,neg
239	Vai hakoteillä ?	neu,neg
240	Työni puolesta olen tutustunut heihin niinkuin muihinkin maahanmuuttajiin ja täytyy ikäväkseni sanoa , että venäläiset ovat kaikista inhottavempia ja tympeimpiä käytökseltään .	neg,neg
241	Voi pojat , sanon minä , Heillä on onneksi ihmisiä , jotka jaksavat puolustaa .	pos,pos
242	Kristillinen näkemys pitäisi ensin selvittää itselle , ennen kuin sitä voi selittää faktana muille lähimmäisille .	neu,neg
243	Siitä olen jopa yllättynyt , mutta niin se menee , demokraattisessa päätösenteossa joutuu jotain nielemäänkin .	neu,neu
244	En ole ihan tyhmä kuule !	neg,neg
245	Tuo on kyllä kaiken huippu tuo asuntojen hintojen nousu tsunami !	neg,neg
246	Yksi laillisuuden määritelmä on jatkuvuus .	neu,neu
247	Nyt kannattaa pysyä kotimaassa ja välttää matkustelua , on tämä maailman meno niin epävakaata .	neg,neg
248	Osaatte itsekin lukea tv- ohjelmat , mutta näin saan .	neu,neu
249	Toki siihen pitäisi koulutus saada .	neu,neu
250	Eli nyt en sitten varmaan huomaa , jos tuo MSM : kin siihen auttaa .	neu,neu
251	Kyllä se on niin , että Raamatusta totuus löytyy .	pos,pos
252	Kolmelta autotehtaalta olen tuota paperia kysynyt ja ovat sitä mieltä että aika tyhmä pitää ihmisen olla jos päästöttömyyttä ei näe .	neu,neg
253	Kansalla on ainoastaan yksi mahdollisuus ja tämä on äänestäminen .	pos,neu
254	ovat jauhanneet paskaa niskaan duunarille ja köyhille , silti nämäkin äänestävät samoja pösilöitä !	neg,neg
255	kirjoitit : .... Ymmärrän sitä , että Israel pitää hampain kynsin kiinni pienestä maapalasestaan , sen takia , että pääsyy juutalaisten vainoihin on ollut se , ettei heillä ollut kotimaata .	neu,neu
256	Sehän tuhoaa meidän omaa maatamme , omien kansalaistemme taloutta ja ympäristöä .	neg,neg,neg
257	Millä sellainen ihminen elää ?	neg,neu
258	Ties vaikka nainen on paksuna ja siksi lihava .	neu,neu
259	Tieteellisestä tutkimuksesta ymmärrät kommenttisi perusteella yhtä paljon kuin sika hopealusikasta .	neg,neg
260	Ei Darwinin naurettava evoluutioteoria tee siinä poikkeusta .	neg,neg
261	Edes oppitunnilla .	neu,neg
262	Masis miks et tykkää musta - minusta on tullut nyt aargh ihan vitun sama - minä eli eletään tämän tapailun viimeisiä hetkiä .	neg,neg
263	Eipä ole nykyään enää oikeestaa mitään sellaista työtä missä ei tarvitsisi ammattitaitoa ja koulutusta sille alalle ei voi ajatella että risukoita pistetään raivaamaan nuori ilman suojavarusteita .	neu,neg
264	Kun kyseessä olikikin muiden kuin keskustapuolueen tekemät laittomuudet , eikä petos henkilöä ... , mitäs sinä enää toistelemaan , sinähän jo siitä kirjoitit , vai etkö enää muista .	neg,neg
265	Kyllä William K : n keskiviikkokerho jäi Suomen kulttuurihistoriaan paikkana , jossa monet tapasivat toisensa ensi kertaa , vaihtoivat vapaasti poliittisesti epäkorrekteja mielipiteitä ja huomasivat myös Hommaforumin ulkopuolella , etteivät olletkaan yksin , vaan osa uutta aaltoa , nuorta älykköjen sukupolvea jolle kuuluu Suomessa tulevaisuus niin akateemisessa maailmassa kuin toivottavasti poliittisissa johtotehtävissäkin .	neu,pos
266	Mutta kun vierelle tulee 180cm 110kg bodari alan todellakin näyttää anorektikolta :) Itse pitäisin parempana noin 80kg painoa mutta kauhistuttaa ajatus miltä näyttäisin melkein 20kg painavampana .	neu,pos
267	Ainoa kasvava suomenruotsalaisten joukko on maahanmuuttajat joita rekrytoidaan suomeen , ainoana tarkoituksena elvyttää kuolevaa ruotsinkielen asemaa maasamme .	neg,neg
268	Suomessa on talousasiat huonommalla tolalla kuin 20 vuoteen .	neg,neg
269	Muuten maan talous on ihan kuralla .	neg,neg
270	Sillä saa jasmimäntylöitä , ei kovin paljon kiinnosta .	neg,neg
271	Ruotsin pakollinen opiskelu alkaa pian jo kuudennelta luokalta .	neg,neu
272	äly , koulutus ja oikeus !	pos,pos
273	elämässä , lukeeko rasistilla otsassa rasisti ?	neu,neu
274	Jutan peli on jo niin kovaa että heikompi hermoisia alkaisi jo hirvittämään .	pos,neu
275	Oikealla ja keskustassa on tunkua , tarvitaan vahvaa vasemmistoa todellisen demokratian toteutumiseen Suomessa .	neu,neu
276	Mr .	neu,neu
277	Ajatus on naurettava , koska kokoomuksen kiristysotteessa eivät perheet pysty pitämään huolta edes omasta perheestään .	neg,neg
278	mene www.kreikka.net käytä hakua keskustelussa ja hakusanana iolida village .	neu,neu
279	Sen jälkeen kun halukkaat tulee mukaan bisnekseen , niin keskimääräinen hintataso on ehkä vähän alle nykyisen , mutta hinnan rakenteessa on varmaan yrittäjäkohtaisia eroja .	neu,neu
280	mies rupesi huutamaan , että tyttö on rasisti , kun ei lähden hänen mukaansa :D kovan metakan piti ukkeli .	neg,neu
281	Joten kotiin on aina hyvä tulla , ja täällä on hyvä olla .	pos,pos
282	Totta , onhan se kaunis , siis berline , mutta muotoiluhan onkin _italialaisen_ Bertonen käsialaa .	pos,pos
283	Anteeksi , en muistanut että tässä vaatimassa asiallisessa debaatissa täytyi vaieta vasemmiston nykytilasta sekä kommenteista jotka voivat kääntyä sinua vastaan .	neg,neg
284	kokemuksena pattayalla jo 15 vuoden ajan lomailleena voin kai sanoa että en itse ole huomannut tai kuullut kenenkään tuttavani huomanneen mitään muutosta viranomaisten toiminnassa .	neu,pos
285	Ole niin hyvä ja mene jo pois .	neu,neg,neg,neg,neg
286	Honduras 1907 : USA : n merijalkaväki nousee maihin Hondurasin ja Nicaraguan välisen sodan yhteydessä .	neu,neu
287	Lailliset asukkaat voivat lisätä kansalaisoikeuksien hakemuksensa jopa 90 päivää ennen asumisvaatimusta .	pos,neu
288	Semmonen typerä pikkumies , ei muuta .	neg,neg
289	MItenkä tyhmä on kun tuollaista uskoo ?	neg,neg
290	UUSI YLEINEN NIMITYS VOISI OLLA .	neu,neu
291	että aivan mahtavaa .	pos,pos
292	On hienoa , että meillä on yksi mukapoliittinen porukka , jota voi hyvällä syyllä ja täysin aiheesta haukkua .	neg,neg
293	Miten Suomen tulisi menetellä EU : n ja Euron suhteen Gallup joka tehtiin joulun ( 2011 ) tienoilla näyttää seuraavaa : Erota EU:sta kokonaan 12% Pysyä EU:ssa mutta irrottautua Eurosta 16% Pysyä EU:ssa Euromaana 64% Ei osaa sanoa 8% Tulos näyttää : ihmisillä on järki on tallella !	pos,neu
294	Suomen Sisun suhde Perussuomalaisiin on aina ollut täysin kyyninen .	neg,neg
295	*vrt* Ruuneperin hyvät aloitukset ...	neu,neu
296	Olisi tappanut itsensä .	neg,neg
297	Jos vanhakin piimä on juotuna hyvää , mätä auto priima ajaa tai viallinen lisenssi muutoin käypänen , niin mikäs siinä .	neu,neg
298	virret ... no virsi oi varmaan menestynyt .	pos,pos
299	niiden kaa menee vastustus kyky !!	neg,neg
300	Jäljelle jää vain KD , jolla on jo hyvä alku , joka vahvistuu ensi syksyn kuntavaaleissa .	neu,pos,pos,pos
301	Uusi kansanäänestys Euroopan Unionista kirjattava hallitusohjelmaan .	neu,neu
302	)	neu,neu
303	Sekin raha ja tarmo kohdennetaan paikallis väestön olojen parantamiseen .	pos,neu
304	Heillä on verissä hyvä käytös ja mitä sitä nyt turhaan heti sukulaisiin , ellei ole varma suhteen laadusta ja kestosta .	pos,pos
305	Valtiovarainministeriö katsoo laskelmissaan , että yhteensä 41 kunnan talous on sen verran retuperällä , että niiden pitää selvittää kuntaliitoksen mahdollisuutta .	neg,neg
306	Nykyään eniten ylinopeuksia ajaa raskas liikeenne , jonka lakisäätenen nopeus on 80 km/h linja-autoja lukuunottamatta .	neu,neu
307	Siinä se on taas yks tasa-arvo tantta päässyt oikein elementtiinsä .. Voi kiesus tuota touhua .... siis onko toimittajatyyppi vieraantunut NOIN PALJON suomenkielensanoista , ettei tiedä mitä sana RYNTÄÄT tarkoittaa .. Minusta tuo episodi joka mikrofonin kanssa käytiin oli kerrassaan hauska !	neg,neg
308	. puhdasta tulee .. eli yliherkkä sotkuille :)	neu,pos
309	Suomen valtio ja Suomen maine toisessa maailmansodassa Mitä Suomen valtio on tehnyt antaakseen kansainväliselle lukijakunnalle suomalaisennäkemyksen Suomen asemasta toisessa maailmansodassa ?	neu,neu
310	Ja hyvä kirja aina mukana , jota sitten lueskelen sopivissa paikoissa .	pos,pos,pos
311	Erittäin osuvasti sanottu : mutta tottahan se on , että Ruotsi on Suomea parempi jääkiekossa .	pos,neu
312	Ja raahattiin sairaalasta kaikki potilaat ulos ja ammuttiin kasalle seinän viereen .	neg,neg
313	8. arpia .	neu,neu
314	1939 Italia oli täysin valmistautumaton sotaan : Sen armeija oli pieni ja koulutus oli kehnoa ( divisioonia kyllä oli runsaasti , mutta keskimäärin divisioonan miesvahvuus oli vain suurehkon rykmentin verran ) , sen panssaruvoimat olivat määrältään ja laadultaan täysin riittämättömät ja Italian sodanjohto oli kokematonta ja huonosti koulutettua , ja taktiikat mielikuvituksettomia .	neg,neg
315	Kepu auttoi jo Kataisen hallitusta Slunga-Poutsalon mielestä keskusta jatkaa tyylilleen uskollisesti puhuen toista mitä tosiasiassa tekee .	neg,neg
316	Toinen ja vielä vakavampi ongelma on se , että kriisin edistyessä maksettava määrä vain kasvaa .	neg,neg
317	ei näissä tämän keskustelun palkoissa mun mielestä ole mitään ihmeellistä ?	neu,neu
318	Onko tätä hölmöyttä tungettava joka paikkaan ?	neg,neg
319	.. Mitä haluan sanoa teille tässä on se että te puhutte arabeja ja muslimeja rasistisella tavalla !!!... ne ovat kaikki samanlaisia​​ ???... onko jokainen suomalainen raiskaaja .. tappaja .. pedofiili .	neg,pos
320	Tarkoituksena oli tiettävästi nostaa työttömyys 250.000 henkeen , mutta lama pääsi ryöstäytymään valloilleen .	neg,neu
321	Joissakin maissa halutaan nähdä myös passi , mutta itse en ole eu:ssa sitä joutunut enää näyttämään .	neu,neu,neu
322	Lähettää miehitysjoukot kreikkaan vai :)	neg,neg
323	Sitäpaitsi ikäero lapsuus- ja nuoruusvuosina oli niin huomattava , että liikuimme yleensä eri porukoissa .	neu,neu
324	Siinä voi tulla paha mieli neitsyen vartoojalle .	neg,neg
325	Toyotalla ei tällä hetkellä ennen uusia malleja ole mitään tarjottavaa .	neg,neg
326	Virosta liisatulla autolla ( vuokrauspalvelujen kilpailuahan ei voitane rajoittaa ) voisi moni olla halukas ajamaan ...	neu,pos
327	Tuo olisi hyvä nimimerkki , mutta joku jo varmasti käyttää sitä .	neu,pos
328	Tämä antisemitistinen salaliittoteoria toteutuu tasan niin pitkään , kun muulla maailmalla on munaa sanoa että nyt riittää .	neg,neu
329	Vaihtoehtoinen asioidenkulku olisi voinut olla : To 12.9. Saa viestini ja etsii minut tietokannasta .	neu,neu
330	kirjoituksesi on kuin suoraan jyrkin uhkailua , jota ei enää kuunnella .	neg,neg
331	Joku on sanonut että suomalaiseen mielenlaatuun ei oikein kuulu yhdenasian fanaattisuus .	neu,neu
332	olin gorpan aikana neukkulassa työkeikalla .	neu,neu,pos
333	EKP:llä on mahdollisuus toimia samalla tavoin amerikkalaisella sisarpankillaan FED:llä .	neu,neu
334	Linkkejä	neu,neu
335	Tämän takia moraalikäsitykset tulisi pitää vain paikallisina , esim valtiokohtaisina , eikä koittaa tuputtaa omia näkemyksiään ja uskomuksiaan vieraille kansoille ja kulttuureille .	neu,neg
336	Monilla on myös tosi kivat rastat , jotka on pesty ehkä viimeeksi 10 vuotta sitten .. Kuten myös koko henkilö muistakin osista .	neg,neg
337	Ei tiedä onko yksikään lopulta luotettava sillä he elää aivan eri maailmassa kuin köyhät ...... Oikeastaan ihan sama keikkuuko siellä Niinistö vai Lipponen jos ei oikeasti aijo tehdä kaikkeaan parantaakseen koko kansan oloja ja luopua vaikka omista mukavuuksistaan .........	neg,neg
338	Ei pelasteta ei , mutta ainakin pankkimaailmassa lypsävää lehmää kannattaa aina lypsää katkeraan loppuun asti ... utta jurpilainen sanoi että noi Suomen kansanedustajat ovat tyhmiä pellejä .	neg,neg
339	Nyt he valittavat kurjuuttaan ja huonoa omatuntoaan keuhkoahtaumataudissaan ... Hah ..................... Ei ollut meikäläisillä rikkaita vanhempia taustalla eikä varaa tupakkaan eikä viinaan ( ei kyllä tehnyt noita myrkkyjä mielikään - onneksi ) .	neg,neg
340	Naisen kumminkin pyrkivät keinoilla millä hyvänsä ( usein käyttäen poliittista painostusta ja uhkailua valtiollisen akkavallan muodossa ) ”uraputkena” huipulle , ja perustavat sitten perheen joskus 30-40 : sinä , ja synnyttävät silloin MAKSIMISSAAN 3-lasta , ja sitten vielä jossain vaiheessa ”tasa-arvoisesti” ottavat avioeron , jolloin nämäkin lapset sitten kasvavat rikkoutuneessa kasvuympäristössä , ellei sitten ole niin ”moderni” , että hankkii lapset sitten keinohedelmöityksellä tai tuhansien kilometrien päästä adoptoimalla !	neg,pos
341	hyvä vaan että kyseinen hotelli remontoitiin :D	pos,pos
342	Nykyisen työsuhdelain puitteissa ei työntekijöillä ole todellisuudessa tulosvastuuta .	neu,neu
343	Pääseeköhän Rapunen sillä mädällä selaimella ( illa ) kohta mihinkään ?	neg,neu
344	Matti Putkonen varmistaa kaikien raiskaajien äänet persuille .	neg,neg
345	köyhyys ei oo häpiä , tyhmyys on .	neg,neg
346	jatketaan aina kuin on lama .	neg,neu
347	Jotenkin tuli mieleeni , että joku niitä veneitä rasittaa selvästi enemmän ja/tai sitten vaan sielä ei ole niin tapana veneistä hoitaa .	neg,neg
348	Siitähän löytyisi hyvä peruste transuleiman poistamiselle ja tietokantojen salaamiselle .	neu,neg
349	ei riitä että koira saa tarpeeksi liikuntaa , sen täytyy saada myös leikitystä ja paijjaamista .	neu,neu
350	Täytyy lähettää ylelle palautetta ja kysyä !	neu,neu
351	Miten ihmeessä Niinistö , kokoomus ja puolustusvoimat viitsivät pitää sinua sähköjäniksenään .	neg,neg
352	Voimme manata tänne jostain varmaan linguistiikan professorin joka voi kertoa sinulle että kuvailemani vivahteet ovat oikeita nykyaikana .	neu,neg
353	Vain siksi että tuo edustuksellinen demokratia säiryy , siis EU pysyy kasassa ja leikkipaikkoja edustuksellisen demokraitian hyötyjille löytyy entistä enemmän , oikein monessa kerroksessa , rakennuksessa ja kaupungissa ;)	neu,pos
354	Seksologi on kai se titteli mutta tittelin takana olevan ihmisen puuhista ja merkityksestä en ole oikein päässyt selville .	neg,neu
355	Se oli joku Stadin kundi , eli ihan kuka vaan .	neu,neu
356	Ruusupuusta tulee aivan upeita mm koristeveistettyjä peilinkehyksiä .	pos,pos
357	Karjalan palautus ja itämerensuomalaisten sukukansojen elvytys/itsenäisyys voivat olla yksi pitkäaikaisista poliittisista tavoitteistamme .	pos,neu
358	Varmasti maistuu teillekkin hänen ja monen muun tekemät maukkaat kebapit ?	pos,neu
359	Minä kun en ole TODELLAKAAN EN OLE !, vastuussa missään määrin _vaikkapa sellaisesta_ , että jos joku sekopää on minua rekisteröinyt vaikkapa tän Suomi24 : n jäseneksi .	neg,neg
360	Nyt tietysti joku alkaa selittää kuinka suomalaiset naiset käy turkissa seksilomilla , no jos joku sitä haluaa niin siitä vaan se on jokaisen oma asia mitä itsellään ja omalla kropallaan tekee jos ei vahingoita toisia .	pos,neg
361	Otsikossasi Ruuneperi olet aivan oikein kirjoittanut auringon kilo kahtena eri sanana .	neg,pos
362	Ei voi sanoa toiselle , mitä sun pitäis äänestää .	neu,neu
363	Saarella oli paljon nähtävää ja naapurisaari Symi oli häkellyttävän kaunis .	pos,pos
364	Samaa naurun hyrskettä oli Islamilaisessa illlassa homojen tappajille ja Suomen valloittajien puheille , mutta loppui nauru ja hiljaa ollaan kuin k.si sukassa .	neg,neg
365	huijaavat maataloustukia ja muutakin paskaa .	neg,neg,neg
366	MTV3 : n uutisten verkkosivun mukaan vihreiden puheenjohtaja työministeri Anni Sinnemäki vahvistaa , että kansanedustaja Pekka Haavisto on puolueen tuleva presidenttiehdokas .	neu,neu
367	Männistön ja Orpon mielestä nykyjärjestelmä on monimutkainen , joten sen tilalle pitää luoda yksinkertainen , läpinäkyvä ja työntekoon kannustava malli .	neu,neg
368	James Randilta saa miljoonan jos onnistuu osoittamaan yliluonnollisen kyvyn tai ilmiön .	neg,neu
369	Otin sinua niskavilloista kiinni osoittaakseni , että olet tehnyt toistuvasti väärin olemalla tottelematon tässä asiassa .	neu,neg
370	Ei ole Suomessa mahdollista ?	neu,neu
371	Pysyn pelkästään alkoholi puolella : siideri , valkkari .. 13. Tykkäätkö ottaa aurinkoa ?	neu,neu
372	Itselleni naisen hymy on yhtäkuin lupaus seikkailusta silti se hymykin vaan äärimmäisen harvoin tarkoittaa yhtään mitään .	pos,neg
373	Kaikki kuulostavat mielipiteiltäsi , tosin älykkyytesi ja sivistyksesi ei riitä noin pitkässä kirjoituksessa tietenkään mainitsemaan sitä , eikä tietenkään minkään valtakunnan perusteluja .	neg,neg
374	Jääräpäisyys on myönteinen ominaisuus , siitä kannattaa pitää kiinni ja kehittää edelleen .	pos,pos
375	Minusta Kroatiassa ihmiset on ystävällisiä ja palvelunhaluisia ei tyrkyttäviä .	pos,pos
376	Karjalan rintaman hyökkäykselle asetettu tavoite 30.8.1944 mennessä Suunnitelman mukaan Karjalan rintaman Aunuksen Karjalassa toimineet joukot hyökkäisivät sirppinä verratten heikoin voimin laajalla rintamallaan Syväriltä Karhumäen tasalle , tavoitteenaan suomalaisten joukkojen takaa-ajo .	neu,neu
377	Mikä koulutusta vaaditaan ?	neu,neu
378	Jaa-a ... paha sanoa , en ole vuosiin käynyt missään muualla kuin Suomen Tivolissa 121. Paras huvipuisto ulkomailla jos olet käynyt ?	neu,pos
379	Toivottavasti riittää .	pos,neu
380	Soini ei taas voi perääntyä kasvojaan menettämättä EU-kysymyksissä .	neu,neu
381	Voi kestää kuukausiakin , kun tilanna taas tasaantuu .	neg,neu
382	Uskon kuitenkin että ensi vuodesta tulee ihan hyvä ; saanhan ainakin ihan kokonaan määrätä ajankäyttöni toisin kuin aikaisemmin .	pos,pos
383	SUOMESSA hoitohenkilökunnalla on oikeus rokottaa toisin kuin monessa muussa maassa .	pos,neu
384	Kaikki huonosti menestyvät opiskelijat ovat olleet narsistiopettajan uhreja .	neg,neg
385	Tietäskö joku ?	neu,neu
386	Sillä jos elinkeinopolitiikkaan ja julkiseen omistukseen suhtaudutaan yksinomaan ideologiselta kannalta , siitä saatetaan maksaa kova hinta .	neg,neg
387	Sinne on niin mukava jatkaa rahan syytämistä .	neg,neg
388	Jenkit saa mennä , muut ovat pärjänneet ilman sitä ennenkin , vuoden parin kupru ja se siitä , toivottavasti uppoaisi mereen koko paska .	neg,neg
389	Ei tule pöperöt kaikille kelpaamaan !	neg,neg
390	Nazismi elää edelleen , mutta kukaan ei enää heiluttele nazi-lippuja .	neg,pos
391	Työ ja kauppareissut onnistuisi sähköllä , pidemmät matkat aluksi sähköllä sitten bensalla .	neu,neu
392	Tanskassa sähkölämmityksestä luopumista tuetaan valtion varoin .	pos,neu
393	Näyttelijä valinnat on menny just nappiin , paitsi Marton Chsokas on melko huonohko ... jos näin voisi sanoa !	pos,pos
394	Ylen dokumentista : Julkisen sairaala-rakennuksen yhteyteen haluttiin viheralue .	neu,neu
395	Voi sen laittaa siihen satulan päälle , niin ei satula kastu sateella :-)	pos,pos
396	Autot ja asunnot ja kesämökin Bodomilta .	neu,neu
397	rutti ha o puhe vamma ei se mikää kieli oo !!!! kuulostaakii nii hemmeti pahalta et tekee miel vetää daijjuu sitä joka mölisee sillä kielellä !!!!! eihä siellä homojen maassa etes opeteta SUOMEA vaa täällä pittää olla kaikki nuille ruattalaasille perkele !!!!! paska kieli se on !!!!!!!!	neg,neg
398	Koska itä on itä , saa se olla itä .	neu,neu
399	Kyllä Suomessa on aina hyvä elää työtä tehdä ja yrittää .	pos,pos
400	Mutta masennus on sairaus ja iso sellainen ... sillä se vie menneessään muutakin kuin pelkän työntekijän .. pahimmillaan koko sen yhden ihmiselämän .	neg,neg
401	Hymyilytti tuo kassinvaihtosi :) minä taas kun käytän vain enimmäkseen suljettuja taskuja maksuvälineille .	pos,pos
402	Hyvä niin että ymmärsit kuiten jättää jo asian , vaikka viimeisen sanan koetitkin heittää , joskin käsittämättömän mutta kuitenkin .	neu,neu
403	Jälleennäkemisen ihanassa toivossa .	pos,pos
404	Kun emäntä pyysi tarjousta , oli jo puhdistusaika sovittu ja epämääräinen tilausvahvistus sähköpostissa .	neu,neg
405	Tämä ydinvoiman vastutus on demokratiaan kuuluva hyvä ja tärkeä asia , yrityksiltä pitää voida vaatia yhteiskuntavastuuta ja kansalaisten eli asiakkaiden kuuntelemista .	pos,pos
406	Joskus saattaa olla kyse hyvän työnanatajan illusiosta .	neg,neu
407	Ja jos selitys on se , että mies lyö : NIIN MITÄ VITTUA SINÄ VIELÄ TEET SIINÄ SUHTEESSA !! Älykääpiö taidat olla , en enää tämän ajatustenvaihdon jälkeen ihmettele , että jotkut naiset elävät väkivallan varjossa tai sietävät vuodesta toiseen pettävää miestään tai kituuttavat selibaatissa .	neg,neg
408	Uskallanpa poikarukka väittää että tiedän luonnon havainnoinnista luultavasti ja hyvin todennäköisestikin sinua enemmän .	neg,neg
409	Suomalaiset havahtuivat näkemään Kreikan tilanteesta , että mihin se johtaa , jos populistit äänestetään maan johtoon .	neu,neu
410	Niinhän se on , että tämänkaltaisella palstalla on lupa haukkua vain enemmän tienaavia , huippupalkkaisia johtajia , kokoomuspoliittikkoja , rikkaita , yleensäkin urallaan menestyviä jne jne. Minkään asian kehuminen ei ole sallittua .	neg,neg
411	Asut vuokra-asunnossa ilmeisesti .	neu,neu
412	Kepulaiset ovat pettäjä porukkaa ja tästä roolista he eivät pääse irti , vaikka harrastavat politiikkojen vaihtovuoroja ilmapiiripuhditusunohdusmielessä .	neg,neg
413	Toivottavasti hallitus kaatuu ja petturi Urpilainen häipyy .	neg,neg
414	Oletko sitten myös sitä mieltä , että nainen on itse syyllinen raiskaukseen , jos pukeutuu paljastavasti ?	neg,neg
415	Niin , ja haluan tähän vielä lisätä , että kaikki on yhtä totta , kuin että jos minä olisin vaalea hetero mies .	neg,pos
416	Lisäksi tietenkin on länsilehdistö joka käy omaa mediasotaansa .	neu,neu
417	sie vitun sälli mee uimaan vaikka vantaa jokeen mutta me persut pidämme pintamme	neg,neg
418	Eräs hänen suurimmista ongelmistaan on se , että mitä kauniimmaksi nainen tulee , sitä vaikeampaa hänen on hillitä orgasmiaan .	neg,pos
419	Kemi on kurja paikka .	neg,neg
420	mene urheilu lukioon jos tollasta priima miestä etsit .	neg,neu
421	Aivan karmea on myos Derya Tur joka menee vuoropaivina Kreikkaan muina Albaniaan .	neg,neu
422	Mulle ainakin alakarppaus on keino pysyvään painonhallintaan ja hyvinvointiin , kuten monille ystävillenikin :)	pos,pos
423	Kastetilaisuudessa pappi on älynnyt kysyä Minkä nimen te olette tälle lapselle antaneet ?	pos,neu
424	Keskity sinä vain potkimaan sitä suopalloa siellä Kuopion ja Seinäjoen kentillä mokomakin tuilla loisiva vätys .	neg,neg
425	mutta en sitten tiedä .. saattaa olla että oli virkailijalla huono päiväkin ..	neu,neg
426	No itse olen ainakin ihan oikea ihminen .	pos,neu
427	Yritysten tukiaiset ovat suuret , eikä niitä ole sidottu työllistämiseen tai Suomessa pysymiseen : - yritysten innovaatio ja yritysten kansainvälistyminen 823 , 3 milj. euroa , alueiden kehittäminen ja rakennerahastot 615 , 2 milj. euroa ( vastaavat summat viime vuonna 787,28 ja 594,24 milj. euroa ) - yritysten työllistämis- , koulutus- ja erityistoimet 530 , 3 milj. ( viime vuonna 560,75 ) jne. Maa- ja metsätalousministeriön budjetti on tänä vuonna 2,83 miljardia eli sama kuin viime vuonna .	neu,neg
428	ja ei nosta kun jutut loppuu siihen	neu,neu
429	Työnantajapuoli on perustellut kantansa neuvotteluissa .	neu,neu
430	Jumaliste , ne tuet ovat niin hiton pieniä , ettei niillä kukaan rikastu .	neg,neg
431	Osaako joku muuten sanoa , että ruokitaanko turkiseläimiä edelleenkin pursottamalla ulosteen näköistä tahnaa häkin katolle , ja eläimet sitä sitten ristikoiden väleistä nuolevat ?	neg,neg
432	Monta kertaa sitte haastattelussa tulee se karu totuus esiin , kun on haettu ammattitaitoista työntekijää ja palkka on kengänkiillottajan palkan luokkaa .	neg,neg
433	Oma puhelimeni oli jossain hukassa .	neu,neu
434	Päättäjät eivät voi kirveelläkään myöntää olleensa väärässä , vaan antavat tuhon jatkua täälläkin kunnes on myähäistä tehdä mitään .	neg,neg
435	Olihan se väärin kun Saksan piti nöyrtyä .	neg,neg
436	Kuten Virossa .	neu,neu
437	Ei tämä suru ikinä lopu /häviä , se kulkee tässä mukana , nykyisessä elämässä .	neg,neg
438	18:4 Lähtekää siitä ulos , te minun kansani , ettette tulisi hänen synteihinsä osallisiksi ja saisi tekin kärsiä hänen vitsauksistansa .	neg,neu
439	( Ei mitään reseptilantattua vaan aitoa itse chilistä uutetua !	pos,neu
440	En olisi itkenyt yhden päivän palkkani vuoksi , vaan ollut iloinen siitä , että voin maata kotona .	neg,pos
441	Eli itse suosittelisin sinua todellakin tekemään rikosilmoituksen .	neu,neu
442	Persut voittivat vaalit , joten he ovat ainoa ja oikea puolue johtamaan maata tässä tilanteessa .	pos,neu
443	Sillä samalla kädellä net käypi äänestämässä Persuja .	neg,neg
444	Silloin EU pani NATOn polvilleen .	pos,neg
445	tilaisin aurinkopaneelin 100w hintaan 200,00	neu,neu
446	Lämmin tervehdys Sinulle kuitenkin ja myötätuntoni , mitä sitten onkaan tapahtunut .	pos,pos
447	Tv maksulla saa muuten aika monta mukavaa asiaa toteutettua .	pos,pos
448	Ei ole .	neu,neu
449	Inhokkipäiväsi : - maanantai .	neg,neg
450	Edelleen iso , ilkeä ja kovaa taklaava pelimies .	neg,neu
451	Mitä tuolla myöntämisellä tai väittämisellä nyt oikein ajetaan takaa ?	neu,neu
452	Hiljaista on , ei nauru kuulu !	neu,neg
453	Huono mikä huono siis johtopäätöksenä tehty viisaasti .	neg,neg
454	Nyt alkaa taas karmea pakkaaminen .	neg,neg
455	Se ei voi sietää itsenäisiä ja vapaita maita .	neg,neg
456	Vastapainona , ainakin näin ketään erityisesti tarkoittamatta pitää voida sanoa läskiä läskiksi !	neg,neu
457	Tyttäreni kertoi bussiyhteyksien vaikeuksista aamuyöllä , siksi kaverin kaveritkin olivat tulleet meille yöpymään .	neu,neg
458	Tämä ja monta muuta uskonnollisesta yhteisöstä erottamiseen liittyvää asiaa selviävät , kun studioon saapuvat Jehovan todistajista eronneista väitellyt tutkija ja erottamisen kokenut entinen Jehovan todistaja .	neu,neu
459	Nyt oli uutinen kuinka juoppo ylikonstaapeli oli heittäytynyt sairauslomalle jätyään kiinni ratista .	neg,neg
460	Sää vaan et taida olla ehta greku on toi kansallisuuden väärin kirjoittaminen vaan niin paljastavaa	neg,neg
461	Jasminin ylimielisyys on heikolla itsetunnolla varustettujen stalkkerien kateutta .	neg,neg
462	Niin kauan kun on vakaa kysyntä , hinnat nousee .	neu,neg
463	Perillä saa aina rahaa sillä ei kaikki automaatit ole rikki .	pos,neu
464	Hyvä kun on sähkö + sisävessa , siinäpä ne mukavuudet .	neg,neg
465	Lännen Media : Sotilaspuvun julkista käyttöä kehotettu välttämään - todellinen uhka Puolustusvoimat sai uudet ohjeet viikko sitten , eli 20. maaliskuuta .	neu,neg
466	ref=ts ja äänestyssitoumus tuolta : www.ydinvoima.fi viihdykkeet , hyvä meno : http://www.youtube.com/watch?v=wJKmKXxHii4 Kummeli-ympäristöruutu http://www.youtube.com/watch?v=neIX88pePGM Jyrkin valistusvideo	neu,pos
467	Scorpions : http://www.youtube.com/watch?v=_WtkuSZoBKk&amp;feature =f vst Dudolf Schenker , kitaristi ja yhtyeen perustaja .	neu,neu
468	Muuten kreikan tie kutsuu .	neg,neu
469	Mutta kuka tykkää mistäkin vauhdista .	neu,neu
470	Kannatan ehdottomasti tätä järjestelyä .	pos,pos
471	Miten puolueeton on sellainen , joka ei vasemmistoa hyväksy ?	neg,neu,neu
472	Asia ei ole tietenkään ihan yksinkertainen .	neu,neu
473	This message has been removed by .	neu,neu
474	Rikkaille uhoaijille tiedoksi , joissain yksityisissä hoitoloissa on vielä huonompi kohtelu .	neg,neg
475	Herätys on tulossa suomen kansalle .	pos,neu
476	valitettavasti puoluepoliittiset keskustelut eivät kuulu tänne , niitä varten on tuolla yhteiskuntaosiossa omat kanavansa .	neu,neu
477	Vallankin kun Kreikalle ja muille asiansa huonosti hoitaneille maille syydetään rahaa kaksin käsin .	neg,neg
478	Sitten näille annetaan verohelpotuksia ja seuraavaksi nämä kusettajat siirtävät bisneksensä ulkomaille .	neg,neg
479	Toisaalta tietysti hyväkin asia , jos vaikka Katainen saisi myös samaa tuhoa Brysselin virassaan , kuin mitä sai aikaan armaassa kotimaassaan .	neg,pos
480	Nettiä kun osaa käyttää , niin löytää parhaat matkustustavat ja reitit .	pos,pos
481	Ihan hyvä että paljastuu vähitellen puhto poikakin tavalliseksi pulliaiseksi :) Mistä tuli ne Ravin äänet sitähän me emme tiedä kun ei sitä tiedä KOKOOMUSKAAN ?	neg,pos
482	Myynti ja voitot nousee edelleen tänä vuonna 2013 , jota auttaa uudlstavat mallit ja tekniikka http://www.kauppalehti.fi/auto/uutiset/japanin+automarkkinat+virkosivat+huhtikuussa/201305427303	pos,pos
483	Mistä tunnet sä kepulaisen ?	neu,neg
484	Jälkimmäiseen en voi vaikuttaa kuin ehkä hyttysen pissan verran ja vain aivan pienin osin tuohon valintaan , mitä ostaa , jos yleensä ostaa , kun kuitenkin joutuu ostamaan , jos joutuu .	neg,neu
485	Noin pienen paikkakunnan hylkääminen on vastoin veteraanien ja minun ja tottakai muidenkin mielipidettä vastaan .	neu,neg
486	Ja näissä tapauksissa varmaan useammin törmää tilanteeseen ettei myyjä olekaan alihinnoittelun pelossa tai muusta syystä kovin innokas myymään venettään , varsinkin jos innokas ostaja ottaa pian ilmoituksen julkaisun jälkeen yhteyttä ostajaan .	neu,neu
487	Kansakunnan - sotiemme taistelijoiden , veteraanien , lottien ja kotirintaman - panos suomalaisen kulttuurin ja elämänmuodon sekä eurooppalaisten arvojen ja Euroopan rauhanvakauden turvaamisessa on ollut ainutlaatuinen .	pos,pos
488	Kirjallisuusvinkit onvat vain vinoutunutta käsitelmää ja kerrontaa siitä mitä elämä on .	neg,neg
489	Nykyinen tv- lupa on kai 252 euroa , joten selvä nousuhan se on , mutta kuitenkin siedettävä .	neg,neu
490	Esim teinin vaatteet varmasti käyvät kaupaksi .	pos,neu
491	Meillä on siis pakollinen kieli , joka aiheuttaa lähes kaikille vain kokemuksen heikosta osaamisesta .	neg,neg
492	älä nyt joka paikkaan tota roskaa ....	neg,neg
493	Esittelyssä oli kulta unohtunut kokonaan vaan värvättiin ostajia aivan muuhun kuin kultaan sijoittamiseen .	neu,neu
494	Ja rakkauden pitäisi olla numero 1. Mikä elämässä voisi olla tärkeämpää kuin rakkaus ?	pos,pos
495	rakkaus tulee vasta vuosien kuluttua jos on tullakseen .	neu,neu
496	En olisi kyllä aikaisemmin uskonut , että Suomestakin voi maailmalle lähteä tuollaisia heppuja , jotka kaatavat rahaa pohjattomaan kaivoon ja kaiken lisäksi kaikki pitäisi antaa anteeksi .	neg,neg
497	Linux tuhoaa tässä Windowsin mahdollisuudet ja polkee Appleakin suohon .	neg,pos
498	( Minun ainakin on vieläkin hyvin vaikea uskoa , että vanhempani ovat joskus harrastaneet seksiä , vaikka olen itse todisteena siitä ;) .	neu,pos
499	Väyrynen olisi ollut pahempi vastus 2.kierrokselle , kuin Haavisto .	neu,neu
500	Kulttuurinautintoja saan ihan mistä vaan .	pos,pos
501	Tupakki maksaa suurimman osan tuotteen hinnasta mikä on epäolennaista nikotiin saamisessa .	neg,neu
502	enkä ole yhtään mustasukkainen .	pos,neg
503	Osaisitteko kertoa mitään seuraavista asioista jotka liittyvät slovenian kulttuuriin : *perhe ja sen merkitys kyseisessä maassa ja kulttuurissa *maan ruoka-ja juomakulttuuri pääpiirteittäin *käyttäytymiseen liittyvät tavat *uskonnon vaikutus maan tapoihin *työntekoon ja siihen liittyvät tavat ( esim .	neu,neu
504	Sen jälkeen kylläkin .	neu,neu
